<?xml version="1.0" encoding="UTF-8" standalone="yes"?>
    <addon id="repository.prophet" name="The Prophet repo" version="1.0.2" provider-name="The Prophet">
        <requires>
            <import addon="xbmc.addon" version="12.0.0"/>
        </requires>
        <extension point="xbmc.addon.repository" name="The Prophet repo">
            <info compressed="false">https://raw.githubusercontent.com/TheProphet1/Prophet/master/_repo/addons.xml</info>
            <checksum>https://raw.githubusercontent.com/TheProphet1/Prophet/master/_repo/addons.xml.md5</checksum>
            <datadir zip="true">https://raw.githubusercontent.com/TheProphet1/Prophet/master/_repo/</datadir>
            <hashes>false</hashes>
        <dir>
            <info compressed="false">https://raw.githubusercontent.com/Gujal00/smrzips/master/addons.xml</info>
            <checksum>https://raw.githubusercontent.com/Gujal00/smrzips/master/addons.xml.md5</checksum>
            <datadir zip="true">https://raw.githubusercontent.com/Gujal00/smrzips/master/zips/</datadir>
        </dir>
        </extension>
        <extension point="xbmc.addon.metadata">
            <summary>The Prophet repo</summary>
            <description>Welcome to The Prophet repo</description>
            <platform>all</platform>
            <genre>movies,usa</genre>
        </extension>
    </addon>